1,2,3,4,5,6,Month,7,8,9,10,11,12,13,14,Estimated_Consumption,Estimated_Surplus,Energy_Status
,,,,,Month - April 2025,RE_Monthly_Generation_report_April_2025_,,,,,,,,,,,Deficit
, Central Electricity Authority / केन्द्रीय विद्युत प्राधिकरण,,,,,RE_Monthly_Generation_report_April_2025_,,,,,,,,,,,Deficit
,Renewable Energy Project Monitoring Division/नवीकरणीय ऊर्जा परियोजना प्रबोधन प्रभाग,,,,,RE_Monthly_Generation_report_April_2025_,,,,,,,,,,,Deficit
1. SUMMARY-ALL INDIA                                                                                                                                               AN OVERVIEW,,,,,,RE_Monthly_Generation_report_April_2025_,,,,,,,,,,,Deficit
Category, Installed Capacity (MW)  (as on 30.04.2025),"Monitored Capacity (MW) 
(as on 30.04.2025)
for which generation data is available 
",RE Generation(MU)  April 2025,RE Generation(MU)  April 2024,% of same Month Last Year ,RE_Monthly_Generation_report_April_2025_,,,,,,,,,,,Deficit
पवन/Wind ,51058.549999999996,48502.345,6330.713202999999,4729.258749,133.8626947476415,RE_Monthly_Generation_report_April_2025_,,,,,,,,,,,Deficit
सौर/Solar ,107945.61,87645.90(*),15811.8228714,12021.054573000001,131.53440719680526,RE_Monthly_Generation_report_April_2025_,,,,,,,,,,,Deficit
बायोमास/Biomass ,10743.109999999999,9998.774,325.962261,278.73296200000004,116.94428196116968,RE_Monthly_Generation_report_April_2025_,,,,,,,,,,,Deficit
बगास/Bagasse,,,444.436828,781.11151,56.89800013316921,RE_Monthly_Generation_report_April_2025_,,,,,,,,,,,Deficit
लघु जल विद्युत्/Small Hydro ,5102.050000000001,4269.525,687.4793500999999,593.841199,115.76821400362287,RE_Monthly_Generation_report_April_2025_,,,,,,,,,,,Deficit
बृहत् जल विद्युत्/Large Hydro($),47928.16,47928.16,9618.149999999998,8109.139999999999,118.60875505910613,RE_Monthly_Generation_report_April_2025_,,,,,,,,,,,Deficit
अन्य/Others,850.9099999999999,946.855,245.66570000000002,231.3629517,106.18195272618492,RE_Monthly_Generation_report_April_2025_,,,,,,,,,,,Deficit
कुल/Total Including Large Hydro,223628.38999999998,199291.56060000003,33464.23021349999,26744.5019447,125.12564370312249,RE_Monthly_Generation_report_April_2025_,,,,,,,,,,,Deficit
कुल/Total Excluding Large Hydro,175700.22999999998,151363.40060000002,23846.0802135,18635.3619447,127.9614545951009,RE_Monthly_Generation_report_April_2025_,,,,,,,,,,,Deficit
 (*) Solar Installed capacity including 2.5 GW rooftop solar.,,,,,,RE_Monthly_Generation_report_April_2025_,,,,,,,,,,,Deficit
"($) Large Hydro Generation data excluding  import from Bhutan.However,the import from Bhutan during  April 2025  is 162.01 MUs .",,,,,,RE_Monthly_Generation_report_April_2025_,,,,,,,,,,,Deficit
,,,,Month -August 2025,,RE_Monthly_Generation_report_August_2025,,,,,,,,,,,Deficit
, Central Electricity Authority / केन्द्रीय विद्युत प्राधिकरण,,,,,RE_Monthly_Generation_report_August_2025,,,,,,,,,,,Deficit
,Renewable Energy Project Monitoring Division/नवीकरणीय ऊर्जा परियोजना प्रबोधन प्रभाग,,,,,RE_Monthly_Generation_report_August_2025,,,,,,,,,,,Deficit
1. SUMMARY-ALL INDIA                                                                                                                                               AN OVERVIEW,,,,,,RE_Monthly_Generation_report_August_2025,,,,,,,,,,,Deficit
Category, Installed Capacity (MW)  (as on 31.08.2025),"Monitored Capacity (MW) 
(as on 31.08.2025)
for which generation data is available 
",RE Generation(MU) August'2025,RE Generation(MU) August'2024,% of same Month Last Year ,RE_Monthly_Generation_report_August_2025,,,RE Generation(MU) April'2025- August'2025,RE Generation(MU) April'2024- August'2024,% of same period Last Year ,,,,,,Deficit
,1,2,3,4,5,RE_Monthly_Generation_report_August_2025,,,6,7,8,,,,,,Deficit
पवन/Wind ,52681.200000000004,51787.695,12893.72512,10268.876745000001,125.56120245846809,RE_Monthly_Generation_report_August_2025,78807.284749381,67673.092600214,62344.267359000005,47017.677039,132.5975064809922,49450.542239,,,74380.03,4427.25,Surplus
सौर/Solar ,123130.13000000002,96369.54(*),12634.94180962,10157.524466899999,124.3899716982527,RE_Monthly_Generation_report_August_2025,103749.271811933,91769.907699827,67780.16810751999,56626.5719805,119.69675319717545,55145.22629789999,,,99075.81,4673.46,Surplus
बायोमास/Biomass ,10743.109999999999,10072.323999999999,318.68271000000004,297.053504,107.28124923919431,RE_Monthly_Generation_report_August_2025,3112.039664,2873.394282,1678.333545,1428.495397,117.48960119330367,1359.650835,,,3013.73,98.31,Surplus
बगास/Bagasse,,,101.55799999999999,132.171,76.8383382133751,RE_Monthly_Generation_report_August_2025,9369.8799005,11179.50804017,1891.926828,1551.32551,121.95550294277054,1790.368828,,,9536.44,-166.56,Deficit
लघु जल विद्युत्/Small Hydro ,5108.710000000001,4286.822999999999,1659.8957840000003,1600.3714770000001,103.71940564146908,RE_Monthly_Generation_report_August_2025,9016.81973476,10591.78633738,5883.5932651,5027.7609135,117.02213701733533,4223.6974811,,,8385.2,631.62,Surplus
बृहत् जल विद्युत्/Large Hydro($),50108.16,50108.16,23515.94,21565.9,109.04223797754788,RE_Monthly_Generation_report_August_2025,127038.22,154325.21999999997,84848.09,74097.31,114.50900174378799,61332.15,,,124133.51,2904.71,Surplus
अन्य/Others,854.4499999999999,938.835,250.32215,249.24308169999998,100.43293811512844,RE_Monthly_Generation_report_August_2025,2495.1251975000005,2299.7696202,1220.30285,1210.5597203,100.80484502636395,969.9807,,,2467.33,27.8,Surplus
कुल/Total Including Large Hydro,242625.76,213563.37289999996,51375.06557362,44271.140274599995,116.04640236270534,RE_Monthly_Generation_report_August_2025,333588.6410580741,340712.6785797909,225646.68195462,186959.7005603,120.69268472209727,174271.61638099997,,,302554.08,31034.56,Surplus
कुल/Total Excluding Large Hydro,192517.6,163455.21289999995,27859.12557362,22705.240274599997,122.69910045737579,RE_Monthly_Generation_report_August_2025,206550.421058074,186387.458579791,140798.59195462,112862.3905603,124.75244521725266,112939.466381,,,204718.68,1831.74,Surplus
,,,,,,RE_Monthly_Generation_report_August_2025,,,,,,225646.68195462,,,,,Deficit
 (*) Solar Installed capacity including 3.5 GW rooftop solar.,,,,,,RE_Monthly_Generation_report_August_2025,,,,,,,,,,,Deficit
"($) Large Hydro Generation data excluding  import from Bhutan.However,the import from Bhutan during August 2025  is 1549.55 MUs and April 2025 to August 2025 is 4895.34 MUs.",,,,,,RE_Monthly_Generation_report_August_2025,,,,,,,,,,,Deficit
,,,,,,RE_Monthly_Generation_report_February_2025,,,,Month - February 2025,,,,,,,Deficit
, Central Electricity Authority / केन्द्रीय विद्युत प्राधिकरण,,,,,RE_Monthly_Generation_report_February_2025,,,,,,,,,,,Deficit
,Renewable Energy Project Monitoring Division/नवीकरणीय ऊर्जा परियोजना प्रबोधन प्रभाग,,,,,RE_Monthly_Generation_report_February_2025,,,,,,,,,,,Deficit
1. SUMMARY-ALL INDIA                                                                                                                                               AN OVERVIEW,,,,,,RE_Monthly_Generation_report_February_2025,,,,,,,,,,,Deficit
Category, Installed Capacity (MW)  (as on 28.02.2025),"Monitored Capacity (MW) 
(as on 28.02.2025)
for which generation data is available 
",RE Generation(MU)  February 2025,RE Generation(MU)  February 2024,% of same Month Last Year ,RE_Monthly_Generation_report_February_2025,,,RE Generation(MU) April2024-  February 2025,RE Generation(MU) April 2023-  February 2024,% of same period Last Year ,,,,,,Deficit
पवन/Wind ,48588.56,47982.52,4592.478922052001,4907.579581,93.57930617838718,RE_Monthly_Generation_report_February_2025,78807.284749381,67673.092600214,78213.560366052,78807.284749381,99.24661230847234,73621.081444,73899.705168381,,76129.64,2677.64,Surplus
सौर/Solar ,102566.02,85089.9 (*),12913.576472604998,10421.2228419,123.916134109369,RE_Monthly_Generation_report_February_2025,103749.271811933,91769.907699827,127338.85372517498,103749.27181193301,122.73710600687681,114425.27725256998,93328.048970033,,95273.55,8475.72,Surplus
बायोमास/Biomass ,10743.109999999999,9927.81,339.16131899999993,271.06794099999996,125.12040994180127,RE_Monthly_Generation_report_February_2025,3112.039664,2873.394282,3392.3395239999995,3112.039664,109.00695011193147,3053.178205,2840.971723,,3031.99,80.05,Surplus
बगास/Bagasse,,,1556.290574,1725.322428,90.20288316799184,RE_Monthly_Generation_report_February_2025,9369.8799005,11179.50804017,8349.063841000001,9369.8799005,89.10534531562645,6792.7732670000005,7644.5574725,,8481.22,888.66,Surplus
लघु जल विद्युत्/Small Hydro ,5100.550000000001,4264.525,561.8714253,442.67458955000006,126.92651409496291,RE_Monthly_Generation_report_February_2025,9016.81973476,10591.78633738,10952.8820718,9016.81973476,121.47167620060593,10391.0106465,8574.14514521,,9345.01,-328.19,Deficit
बृहत् जल विद्युत्/Large Hydro($),46968.17,46968.17,6970.879999999999,5928.16,117.58926884564518,RE_Monthly_Generation_report_February_2025,127038.22,154325.21999999997,139780.44,127038.22,110.03022554944488,132809.56,121110.06,,119265.64,7772.58,Surplus
अन्य/Others,711.29,922.13,230.2945989,230.77403180000002,99.79225006545992,RE_Monthly_Generation_report_February_2025,2495.1251975000005,2299.7696202,2621.219769,2495.1251975000005,105.05363705301602,2390.9251701,2264.3511657000004,,2493.57,1.56,Surplus
कुल/Total Including Large Hydro,214677.69999999998,195155.055,27164.553311856995,23926.80141325,113.53190442251932,RE_Monthly_Generation_report_February_2025,333588.6410580741,340712.6785797909,370648.35929702705,333588.641058074,111.10940651978056,343483.80598517,309661.839644824,,315827.27,17761.37,Surplus
कुल/Total Excluding Large Hydro,167709.53,148186.88499999998,20193.673311856997,17998.64141325,112.1955421423702,RE_Monthly_Generation_report_February_2025,206550.421058074,186387.458579791,230867.919297027,206550.42105807402,111.77315355465474,210674.24598517,188551.779644824,,202008.42,4542.0,Surplus
 (*) Solar Installed capacity including 2.5 GW rooftop solar.,,,,,,RE_Monthly_Generation_report_February_2025,,,,,,,,,,,Deficit
"($) Large Hydro Generation data excluding  import from Bhutan.However,the import from Bhutan during  February 2025  is 70.63 MUs and April 2024 to   February 2025 is 5368.78 MUs.",,,,,,RE_Monthly_Generation_report_February_2025,,,,,,,,,,,Deficit
,,,,,,RE_Monthly_Generation_report_January_2025,,,,Month -January 2025,,,,,,,Deficit
, Central Electricity Authority / केन्द्रीय विद्युत प्राधिकरण,,,,,RE_Monthly_Generation_report_January_2025,,,,,,,,,,,Deficit
,Renewable Energy Project Monitoring Division/नवीकरणीय ऊर्जा परियोजना प्रबोधन प्रभाग,,,,,RE_Monthly_Generation_report_January_2025,,,,,,,,,,,Deficit
1. SUMMARY-ALL INDIA                                                                                                                                               AN OVERVIEW,,,,,,RE_Monthly_Generation_report_January_2025,,,,,,,,,,,Deficit
Category, Installed Capacity (MW)  (as on 31.01.2025),"Monitored Capacity (MW) 
(as on 31.01.2025)
for which generation data is available 
",RE Generation(MU) January 2025,RE Generation(MU) January 2024,% of same Month Last Year ,RE_Monthly_Generation_report_January_2025,,,RE Generation(MU) April2024- January 2025,RE Generation(MU) April 2023- January 2024,% of same period Last Year ,,,,,,Deficit
,1,2,3,4,5,RE_Monthly_Generation_report_January_2025,,,6,7,8,,,,,,Deficit
पवन/Wind ,48365.26,47890.41499999999,5637.692633000001,4075.1179805130005,138.34428009100964,RE_Monthly_Generation_report_January_2025,78807.284749381,67673.092600214,73621.081444,73899.705168381,99.62297045198468,67983.388811,69824.587187868,73.621081444,71972.63,6834.65,Surplus
सौर/Solar ,100329.83,81505.6595 (*),12285.741911129999,9008.466249862999,136.3799515962758,RE_Monthly_Generation_report_January_2025,103749.271811933,91769.907699827,114425.27725256998,93328.048970033,122.60545303942993,102139.53534144,84319.58272017,114.42527725256998,96424.31,7324.96,Surplus
बायोमास/Biomass ,10743.109999999999,9807.014000000001,356.40673000000004,306.359147,116.33624570706877,RE_Monthly_Generation_report_January_2025,3112.039664,2873.394282,3053.1782049999997,2840.971723,107.46950349002118,2696.771475,2534.612576,3.053178205,2821.95,290.09,Surplus
बगास/Bagasse,,,2041.061174,1967.4278999999997,103.74261613348068,RE_Monthly_Generation_report_January_2025,9369.8799005,11179.50804017,6792.7732670000005,7644.5574725,88.85763880297651,4751.712093,5677.1295725,6.792773267,8890.14,479.74,Surplus
लघु जल विद्युत्/Small Hydro ,5100.550000000001,4264.525,624.566843,482.87688555,129.34287427914762,RE_Monthly_Generation_report_January_2025,9016.81973476,10591.78633738,10391.0106465,8574.14514521,121.1900483432451,9766.4438035,8091.268259659999,10.391010646500002,8640.83,375.99,Surplus
बृहत् जल विद्युत्/Large Hydro($),46968.17,46968.17,7388.050000000001,6352.280000000001,116.30548401518826,RE_Monthly_Generation_report_January_2025,127038.22,154325.21999999997,132809.56,121110.06,109.66022145476602,125421.51,114757.78,132.80956,119505.15,7533.07,Surplus
अन्य/Others,663.4599999999999,858.5250000000001,239.23989049999997,223.1426405,107.21388344420886,RE_Monthly_Generation_report_January_2025,2495.1251975000005,2299.7696202,2390.9251701,2264.3511657000004,105.58985754141499,2151.6852796,2041.2085252,2.3909251701,2555.78,-60.65,Deficit
कुल/Total Including Large Hydro,212170.37999999998,191294.30849999996,28572.759181629997,22415.670803425997,127.4677855157605,RE_Monthly_Generation_report_January_2025,333588.6410580741,340712.6785797909,343483.80598517,309661.839644824,110.92222612225619,314911.04680354,287246.16884139803,,318081.11,15507.53,Surplus
कुल/Total Excluding Large Hydro,165202.20999999996,144326.13849999997,21184.709181629998,16063.390803425998,131.8819260570547,RE_Monthly_Generation_report_January_2025,206550.421058074,186387.458579791,210674.24598517,188551.77964482398,111.73283348585636,189489.53680354,172488.388841398,,194599.45,11950.97,Surplus
 (*) Solar Installed capacity including 2.5 GW rooftop solar.,,,,,,RE_Monthly_Generation_report_January_2025,,,,,,,,,,,Deficit
"($) Large Hydro Generation data excluding  import from Bhutan.However,the import from Bhutan during January 2025  is 57.75 MUs and April 2024 to  January 2025 is 5298.15MUs.",,,,,,RE_Monthly_Generation_report_January_2025,,,,,,,,,,,Deficit
,,,,Month -July 2025,,RE_Monthly_Generation_report_July_2025,,,,,,,,,,,Deficit
, Central Electricity Authority / केन्द्रीय विद्युत प्राधिकरण,,,,,RE_Monthly_Generation_report_July_2025,,,,,,,,,,,Deficit
,Renewable Energy Project Monitoring Division/नवीकरणीय ऊर्जा परियोजना प्रबोधन प्रभाग,,,,,RE_Monthly_Generation_report_July_2025,,,,,,,,,,,Deficit
1. SUMMARY-ALL INDIA                                                                                                                                               AN OVERVIEW,,,,,,RE_Monthly_Generation_report_July_2025,,,,,,,,,,,Deficit
Category, Installed Capacity (MW)  (as on 31.07.2025),"Monitored Capacity (MW) 
(as on 31.07.2025)
for which generation data is available 
",RE Generation(MU) July'2025,RE Generation(MU) July'2024,% of same Month Last Year ,RE_Monthly_Generation_report_July_2025,,,RE Generation(MU) April'2025- July'2025,RE Generation(MU) April'2024- July'2024,% of same period Last Year ,,,,,,Deficit
,1,2,3,4,5,RE_Monthly_Generation_report_July_2025,,,6,7,8,,,,,,Deficit
पवन/Wind ,52140.100000000006,49931.045,17572.867150000002,13626.998045,128.9562608871718,RE_Monthly_Generation_report_July_2025,78807.284749381,67673.092600214,49450.542239,36748.800294,134.5636914494698,31877.675089,,,80566.2,-1758.92,Deficit
सौर/Solar ,119016.53999999998,92686.5079(*),12100.606866999999,10356.346403099997,116.84243067977995,RE_Monthly_Generation_report_July_2025,103749.271811933,91769.907699827,55145.22629789999,46469.047513599995,118.67087717208054,43044.6194309,,,104374.73,-625.46,Deficit
बायोमास/Biomass ,10743.109999999999,10047.873999999998,336.782551,284.124122,118.53360025517298,RE_Monthly_Generation_report_July_2025,3112.039664,2873.394282,1359.650835,1131.441893,120.1697447665569,1022.868284,,,3141.14,-29.1,Deficit
बगास/Bagasse,,,996.7511,132.361,753.0549784302023,RE_Monthly_Generation_report_July_2025,9369.8799005,11179.50804017,1790.368828,1419.1545099999998,126.15742791812008,793.6177279999999,,,9516.9,-147.02,Deficit
लघु जल विद्युत्/Small Hydro ,5108.710000000001,4286.822999999999,1584.518044,1323.0233825,119.7649312142826,RE_Monthly_Generation_report_July_2025,9016.81973476,10591.78633738,4223.6974811,3427.3894365,123.23366105175309,2639.1794371,,,8215.28,801.54,Surplus
बृहत् जल विद्युत्/Large Hydro($),49378.17,49378.17,21673.9,17562.91,123.40722579572521,RE_Monthly_Generation_report_July_2025,127038.22,154325.21999999997,61332.15,52531.42,116.75326880560245,39658.25,,,121165.23,5872.99,Surplus
अन्य/Others,854.4499999999999,938.835,236.2265,245.10704090000002,96.37687237894437,RE_Monthly_Generation_report_July_2025,2495.1251975000005,2299.7696202,969.9807000000001,961.3166386,100.90127030492448,733.7542000000001,,,2288.98,206.15,Surplus
कुल/Total Including Large Hydro,237241.07999999996,207269.25489999997,54501.652212,43530.8699935,125.20230406637441,RE_Monthly_Generation_report_July_2025,333588.6410580741,340712.6785797909,174271.61638099997,142598.3102857,122.21155778903801,119769.96416899998,,,343418.0,-9829.36,Deficit
कुल/Total Excluding Large Hydro,187862.90999999997,157891.08489999996,32827.752212,25967.959993499997,126.41636932672829,RE_Monthly_Generation_report_July_2025,206550.421058074,186387.458579791,112939.46638099999,90157.15028569997,125.26956100886606,80111.71416899998,,,205206.75,1343.67,Surplus
,,,,,,RE_Monthly_Generation_report_July_2025,,,,,,174271.61638099997,,,,,Deficit
 (*) Solar Installed capacity including 3.5 GW rooftop solar.,,,,,,RE_Monthly_Generation_report_July_2025,,,,,,,,,,,Deficit
"($) Large Hydro Generation data excluding  import from Bhutan.However,the import from Bhutan during July 2025  is 1485.07 MUs and April 2025 to July 2025 is 3345.79 MUs.",,,,,,RE_Monthly_Generation_report_July_2025,,,,,,,,,,,Deficit
,,,,Month -June 2025,,RE_Monthly_Generation_report_June_2025,,,,,,,,,,,Deficit
, Central Electricity Authority / केन्द्रीय विद्युत प्राधिकरण,,,,,RE_Monthly_Generation_report_June_2025,,,,,,,,,,,Deficit
,Renewable Energy Project Monitoring Division/नवीकरणीय ऊर्जा परियोजना प्रबोधन प्रभाग,,,,,RE_Monthly_Generation_report_June_2025,,,,,,,,,,,Deficit
1. SUMMARY-ALL INDIA                                                                                                                                               AN OVERVIEW,,,,,,RE_Monthly_Generation_report_June_2025,,,,,,,,,,,Deficit
Category, Installed Capacity (MW)  (as on 30.06.2025),"Monitored Capacity (MW) 
(as on 30.06.2025)
for which generation data is available 
",RE Generation(MU) June'2025,RE Generation(MU) June'2024,% of same Month Last Year ,RE_Monthly_Generation_report_June_2025,,,RE Generation(MU) April'2025- June'2025,RE Generation(MU) April'2024- June'2024,% of same period Last Year ,,,,,,Deficit
,1,2,3,4,5,RE_Monthly_Generation_report_June_2025,,,6,7,8,,,,,,Deficit
पवन/Wind ,51674.85,49513.2,14879.540086,10134.9164,146.8146307156515,RE_Monthly_Generation_report_June_2025,78807.284749381,67673.092600214,31877.675089,23121.802249,137.86847039736568,16998.135003,,,79357.89,-550.61,Deficit
सौर/Solar ,116247.83,92428.58(*),12927.478653999999,11445.6581529,112.94657311361817,RE_Monthly_Generation_report_June_2025,103749.271811933,91769.907699827,43044.6194309,36112.7011105,119.19523632195018,30117.1407769,,,105213.98,-1464.71,Deficit
बायोमास/Biomass ,10743.11,10066.27,337.28842599999996,273.427496,123.35570889330016,RE_Monthly_Generation_report_June_2025,3112.039664,2873.394282,1022.868284,847.317771,120.71837969275873,685.5798580000001,,,3062.84,49.2,Surplus
बगास/Bagasse,,,109.779916,188.61400000000003,58.20348224416002,RE_Monthly_Generation_report_June_2025,9369.8799005,11179.50804017,793.6177279999999,1286.79351,61.67405429329528,683.837812,,,9516.47,-146.59,Deficit
लघु जल विद्युत्/Small Hydro ,5102.05,4261.93,1170.7944280000002,776.365902,150.8044628162972,RE_Monthly_Generation_report_June_2025,9016.81973476,10591.78633738,2639.1794371,2104.366054,125.41446541980761,1468.3850091,,,8783.01,233.81,Surplus
बृहत् जल विद्युत्/Large Hydro($),49378.17,49378.17,16775.5,14212.68,118.03192642063284,RE_Monthly_Generation_report_June_2025,127038.22,154325.21999999997,39658.25,34968.51,113.41132350220239,22882.75,,,124295.46,2742.76,Surplus
अन्य/Others,853.2,948.11,236.05700000000002,233.28864600000003,101.18666469520339,RE_Monthly_Generation_report_June_2025,2495.1251975000005,2299.7696202,733.7542000000001,716.2095977,102.44964635441104,497.6972,,,2405.63,89.5,Surplus
कुल/Total Including Large Hydro,233999.20999999996,206596.25999999995,46436.43851,37264.9505969,124.61156600557241,RE_Monthly_Generation_report_June_2025,333588.6410580741,340712.6785797909,119769.96416899998,99157.70029220001,120.78735571323188,73333.52565899998,,,301501.71,32086.93,Surplus
कुल/Total Excluding Large Hydro,184621.03999999998,157218.08999999997,29660.93851,23052.2705969,128.6681864388175,RE_Monthly_Generation_report_June_2025,206550.421058074,186387.458579791,80111.71416899998,64189.1902922,124.805615718656,50450.77565899999,,,189238.13,17312.29,Surplus
,,,,,,RE_Monthly_Generation_report_June_2025,,,,,,119769.96416899998,,,,,Deficit
 (*) Solar Installed capacity including 3.5 GW rooftop solar.,,,,,,RE_Monthly_Generation_report_June_2025,,,,,,,,,,,Deficit
"($) Large Hydro Generation data excluding  import from Bhutan.However,the import from Bhutan during June 2025  is 1129.21 MUs and April 2025 to June 2025 is 1860.72 MUs.",,,,,,RE_Monthly_Generation_report_June_2025,,,,,,,,,,,Deficit
,,,,,,RE_Monthly_Generation_report_March_2025,,,,Month - March 2025,,,,,,,Deficit
, Central Electricity Authority / केन्द्रीय विद्युत प्राधिकरण,,,,,RE_Monthly_Generation_report_March_2025,,,,,,,,,,,Deficit
,Renewable Energy Project Monitoring Division/नवीकरणीय ऊर्जा परियोजना प्रबोधन प्रभाग,,,,,RE_Monthly_Generation_report_March_2025,,,,,,,,,,,Deficit
1. SUMMARY-ALL INDIA                                                                                                                                               AN OVERVIEW,,,,,,RE_Monthly_Generation_report_March_2025,,,,,,,,,,,Deficit
Category, Installed Capacity (MW)  (as on 31.03.2025),"Monitored Capacity (MW) 
(as on 31.03.2025)
for which generation data is available 
",RE Generation(MU)  March 2025,RE Generation(MU)  March 2024,% of same Month Last Year ,RE_Monthly_Generation_report_March_2025,,,RE Generation(MU) April 2024-  March 2025,RE Generation(MU) April 2023-  March 2024,% of same period Last Year ,,,,,,Deficit
पवन/Wind ,50037.82,48419.75,5133.628399999999,4578.064269,112.13535019073359,RE_Monthly_Generation_report_March_2025,78807.284749381,67673.092600214,83347.188766052,83385.349018381,99.95423626239113,78213.560366052,78807.284749381,,73631.2,5176.08,Surplus
सौर/Solar ,105646.49,85899.11(*),16811.3781766,12225.834087800002,137.50700406916084,RE_Monthly_Generation_report_March_2025,103749.271811933,91769.907699827,144150.23190177497,115975.10589973301,124.29411534782382,127338.85372517498,103749.271811933,,94572.34,9176.93,Surplus
बायोमास/Biomass ,10743.109999999999,9970.71,346.334786,305.14666,113.4978131499129,RE_Monthly_Generation_report_March_2025,3112.039664,2873.394282,3738.6743099999994,3417.186324,109.40797356415968,3392.3395239999995,3112.039664,,2936.09,175.95,Surplus
बगास/Bagasse,,,986.252784,1455.7096464,67.7506525040226,RE_Monthly_Generation_report_March_2025,9369.8799005,11179.50804017,9335.316625000001,10825.5895469,86.2337943310741,8349.063841000001,9369.8799005,,8659.49,710.39,Surplus
लघु जल विद्युत्/Small Hydro ,5100.550000000001,4264.525,615.1580575,468.22333055,131.38133394109232,RE_Monthly_Generation_report_March_2025,9016.81973476,10591.78633738,11568.040129300001,9485.04306531,121.96086037403693,10952.8820718,9016.81973476,,9372.58,-355.76,Deficit
बृहत् जल विद्युत्/Large Hydro($),47728.16,47728.16,8763.279999999999,7015.7,124.90955998688653,RE_Monthly_Generation_report_March_2025,127038.22,154325.21999999997,148633.98,134053.92,110.8762653117492,139780.44,127038.22,,129733.72,-2695.5,Deficit
अन्य/Others,840.21,934.99,248.514847,251.42302500000005,98.84331277932876,RE_Monthly_Generation_report_March_2025,2495.1251975000005,2299.7696202,2869.7346159999997,2746.5482225000005,104.48513492284037,2621.219769,2495.1251975000005,,2482.68,12.45,Surplus
कुल/Total Including Large Hydro,220096.33999999997,197217.24499999997,32904.547051099995,26300.101018750003,125.11186564508448,RE_Monthly_Generation_report_March_2025,333588.6410580741,340712.6785797909,403643.16634812695,359888.74207682407,112.15776409642811,370648.3592970271,333588.641058074,,343836.18,-10247.54,Deficit
कुल/Total Excluding Large Hydro,172368.17999999996,149489.08499999996,24141.267051099996,19284.401018750003,125.18546480975851,RE_Monthly_Generation_report_March_2025,206550.421058074,186387.458579791,255009.18634812697,225834.822076824,112.9184525234016,230867.919297027,206550.421058074,,210795.2,-4244.78,Deficit
 (*) Solar Installed capacity including 2.5 GW rooftop solar.,,,,,,RE_Monthly_Generation_report_March_2025,,,,,,,,,,,Deficit
"($) Large Hydro Generation data excluding  import from Bhutan.However,the import from Bhutan during  March 2025  is 115.40 MUs and April 2024 to   March 2025 is 5484.18 MUs.",,,,,,RE_Monthly_Generation_report_March_2025,,,,,,,,,,,Deficit
,,,,,,RE_Monthly_Generation_report_May_2025_2,,,Revision -I ,,,,,,,,Deficit
,,,,Month -May 2025,,RE_Monthly_Generation_report_May_2025_2,,,,,,,,,,,Deficit
, Central Electricity Authority / केन्द्रीय विद्युत प्राधिकरण,,,,,RE_Monthly_Generation_report_May_2025_2,,,,,,,,,,,Deficit
,Renewable Energy Project Monitoring Division/नवीकरणीय ऊर्जा परियोजना प्रबोधन प्रभाग,,,,,RE_Monthly_Generation_report_May_2025_2,,,,,,,,,,,Deficit
1. SUMMARY-ALL INDIA                                                                                                                                               AN OVERVIEW,,,,,,RE_Monthly_Generation_report_May_2025_2,,,,,,,,,,,Deficit
Category, Installed Capacity (MW)  (as on 31.05.2025),"Monitored Capacity (MW) 
(as on 31.05.2025)
for which generation data is available 
",RE Generation(MU) May'2025,RE Generation(MU) May'2024,% of same Month Last Year ,RE_Monthly_Generation_report_May_2025_2,,,RE Generation(MU) April'2025- May'2025,RE Generation(MU) April'2024- May'2024,% of same period Last Year ,,,,,,Deficit
,1,2,3,4,5,RE_Monthly_Generation_report_May_2025_2,,,6,7,8,,,,,,Deficit
पवन/Wind ,51292.25,49167.5,10667.4218,8257.627100000002,129.18265345258808,RE_Monthly_Generation_report_May_2025_2,78807.284749381,67673.092600214,16998.135003,12986.885849000002,130.88692085723434,6330.713202999999,,,80596.38,-1789.1,Deficit
सौर/Solar ,110834.28,90022.5(*),14305.3179055,12645.988384600001,113.12139051875687,RE_Monthly_Generation_report_May_2025_2,103749.271811933,91769.907699827,30117.1407769,24667.042957600002,122.09465410453993,15811.8228714,,,106769.37,-3020.1,Deficit
बायोमास/Biomass ,10743.11,10046.27,359.617597,295.157313,121.83929760872975,RE_Monthly_Generation_report_May_2025_2,3112.039664,2873.394282,685.5798580000001,573.890275,119.46183580127754,325.962261,,,2804.08,307.96,Surplus
बगास/Bagasse,,,239.400984,317.068,75.50461856762587,RE_Monthly_Generation_report_May_2025_2,9369.8799005,11179.50804017,683.837812,1098.17951,62.27013031776563,444.436828,,,9150.74,219.14,Surplus
लघु जल विद्युत्/Small Hydro ,5102.05,4261.93,780.905659,734.158953,106.36738213284447,RE_Monthly_Generation_report_May_2025_2,9016.81973476,10591.78633738,1468.3850091,1328.000152,110.5711476680614,687.4793500999999,,,8679.7,337.12,Surplus
बृहत् जल विद्युत्/Large Hydro($),47928.17,47928.17,13264.6,12629.769999999999,105.02645733057689,RE_Monthly_Generation_report_May_2025_2,127038.22,154325.21999999997,22882.75,20755.83,110.24733773595176,9618.149999999998,,,118566.83,8471.39,Surplus
अन्य/Others,850.91,946.86,252.0315,251.558,100.18822696952591,RE_Monthly_Generation_report_May_2025_2,2495.1251975000005,2299.7696202,497.6972,482.9209517,103.05976542288838,245.6657,,,2290.47,204.66,Surplus
कुल/Total Including Large Hydro,226750.77,202373.23,39869.2954455,35131.327750599994,113.48644642336095,RE_Monthly_Generation_report_May_2025_2,333588.6410580741,340712.6785797909,73333.52565899998,61892.7496953,118.48484034078834,33464.2302135,,,317123.46,16465.18,Surplus
कुल/Total Excluding Large Hydro,178822.6,154445.05999999997,26604.6954455,22501.5577506,118.23490506914167,RE_Monthly_Generation_report_May_2025_2,206550.421058074,186387.458579791,50450.77565899999,41136.9196953,122.64111176210434,23846.0802135,,,215109.14,-8558.72,Deficit
,,,,,,RE_Monthly_Generation_report_May_2025_2,,,,,,73333.525659,,,,,Deficit
 (*) Solar Installed capacity including 2.5 GW rooftop solar.,,,,,,RE_Monthly_Generation_report_May_2025_2,,,,,,,,,,,Deficit
"($) Large Hydro Generation data excluding  import from Bhutan.However,the import from Bhutan during May  2025  is 569.50 MUs and April 2025 to May 2025 is 731.51 MUs.",,,,,,RE_Monthly_Generation_report_May_2025_2,,,,,,,,,,,Deficit
,,,,Month -October 2025,,RE_Monthly_Generation_report_Oct_2025,,,,,,,,,,,Deficit
, Central Electricity Authority / केन्द्रीय विद्युत प्राधिकरण,,,,,RE_Monthly_Generation_report_Oct_2025,,,,,,,,,,,Deficit
,Renewable Energy Project Monitoring Division/नवीकरणीय ऊर्जा परियोजना प्रबोधन प्रभाग,,,,,RE_Monthly_Generation_report_Oct_2025,,,,,,,,,,,Deficit
1. SUMMARY-ALL INDIA                                                                                                                                               AN OVERVIEW,,,,,,RE_Monthly_Generation_report_Oct_2025,,,,,,,,,,,Deficit
Category, Installed Capacity (MW)  (as on 31.10.2025),"Monitored Capacity (MW) 
(as on 31.10.2025)
for which generation data is available 
",RE Generation(MU) October'2025,RE Generation(MU) October'2024,% of same Month Last Year ,RE_Monthly_Generation_report_Oct_2025,,,RE Generation(MU) April'2025- October'2025,RE Generation(MU) April'2024- October'2024,% of same period Last Year ,,,,,,Deficit
,1,2,3,4,5,RE_Monthly_Generation_report_Oct_2025,,,6,7,8,,,,,,Deficit
पवन/Wind ,53599.92,51666.68,6406.486129,3238.2773580000003,197.8362388624032,RE_Monthly_Generation_report_Oct_2025,78807.284749381,67673.092600214,79150.347452,59126.569462,133.8659559859448,72743.861323,,,74293.68,4513.6,Surplus
सौर/Solar ,129923.82,97573.19(*),13063.14100062,12256.612253999996,106.58035621838971,RE_Monthly_Generation_report_Oct_2025,103749.271811933,91769.907699827,94399.46998675998,80185.80397339999,117.7259132028845,81336.32898613998,,,93948.39,9800.88,Surplus
बायोमास/Biomass ,10757.31,10092.14,321.2446719999999,337.902395,95.07025601283469,RE_Monthly_Generation_report_Oct_2025,3112.039664,2873.394282,2268.762944,2024.543079,112.06296213368942,1947.518272,,,3085.38,26.66,Surplus
बगास/Bagasse,,,204.15359999999998,166.004483,122.98077516376469,RE_Monthly_Generation_report_Oct_2025,9369.8799005,11179.50804017,2201.398428,1835.9089929999998,119.9078187640862,1997.244828,,,9139.4,230.48,Surplus
लघु जल विद्युत्/Small Hydro ,5158.61,4296.173,1251.0913690000002,1457.5859695,85.83311003118162,RE_Monthly_Generation_report_Oct_2025,9016.81973476,10591.78633738,8628.9750101,8098.1792415,106.55450753522322,7377.8836411,,,8184.76,832.06,Surplus
बृहत् जल विद्युत्/Large Hydro($),50348.16,50348.16,16437.390000000003,14455.88,113.70729419447314,RE_Monthly_Generation_report_Oct_2025,127038.22,154325.21999999997,123602.89,109127.44,113.26472058723269,107165.5,,,119644.21,7394.01,Surplus
अन्य/Others,855.62,955.84,242.38060000000002,245.98420000000002,98.53502785951292,RE_Monthly_Generation_report_Oct_2025,2495.1251975000005,2299.7696202,1702.57275,1689.8033103,100.75567609686674,1460.19215,,,2585.55,-90.42,Deficit
कुल/Total Including Large Hydro,250643.43999999997,214932.18300000002,37925.88737062,32158.246659499993,117.93518400486604,RE_Monthly_Generation_report_Oct_2025,333588.6410580741,340712.6785797909,311954.41657085996,262088.24805919998,119.0264801573233,274028.52920024,,,312217.05,21371.59,Surplus
कुल/Total Excluding Large Hydro,200295.27999999997,164584.02300000002,21488.497370620003,17702.366659499996,121.38770924783763,RE_Monthly_Generation_report_Oct_2025,206550.421058074,186387.458579791,188351.52657085995,152960.80805919998,123.13711529162607,166863.02920023995,,,190384.59,16165.83,Surplus
,,,,,,RE_Monthly_Generation_report_Oct_2025,,,,,,311954.41657086,,,,,Deficit
 (*) Solar Installed capacity including 3.5 GW rooftop solar.,,,,,,RE_Monthly_Generation_report_Oct_2025,,,,,,,,,,,Deficit
"($) Large Hydro Generation data excluding  import from Bhutan.However,the import from Bhutan during October 2025  is 939.67 MUs and April 2025 to October 2025 is 7367.76 MUs.",,,,,,RE_Monthly_Generation_report_Oct_2025,,,,,,,,,,,Deficit
,,,,Month -September 2025,,RE_Monthly_Generation_report_Sept_2025,,,,,,,,,,,Deficit
, Central Electricity Authority / केन्द्रीय विद्युत प्राधिकरण,,,,,RE_Monthly_Generation_report_Sept_2025,,,,,,,,,,,Deficit
,Renewable Energy Project Monitoring Division/नवीकरणीय ऊर्जा परियोजना प्रबोधन प्रभाग,,,,,RE_Monthly_Generation_report_Sept_2025,,,,,,,,,,,Deficit
1. SUMMARY-ALL INDIA                                                                                                                                               AN OVERVIEW,,,,,,RE_Monthly_Generation_report_Sept_2025,,,,,,,,,,,Deficit
Category, Installed Capacity (MW)  (as on 30.09.2025),"Monitored Capacity (MW) 
(as on 30.09.2025)
for which generation data is available 
",RE Generation(MU) September'2025,RE Generation(MU) September'2024,% of same Month Last Year ,RE_Monthly_Generation_report_Sept_2025,,,RE Generation(MU) April'2025- September'2025,RE Generation(MU) April'2024- September'2024,% of same period Last Year ,,,,,,Deficit
,1,2,3,4,5,RE_Monthly_Generation_report_Sept_2025,,,6,7,8,,,,,,Deficit
पवन/Wind ,53123.8,51866.145,10399.593964000002,8870.615065,117.23644739171198,RE_Monthly_Generation_report_Sept_2025,78807.284749381,67673.092600214,72743.861323,55888.292104,130.1593922169499,62344.267359000005,,,78415.57,391.71,Surplus
सौर/Solar ,127332.29,96208.11(*),13556.16087862,11302.6197389,119.93821956129366,RE_Monthly_Generation_report_Sept_2025,103749.271811933,91769.907699827,81336.32898613998,67929.1917194,119.73693036437385,67780.16810751999,,,101712.28,2036.99,Surplus
बायोमास/Biomass ,10757.31,10072.323999999999,269.184727,258.145287,104.276444527922,RE_Monthly_Generation_report_Sept_2025,3112.039664,2873.394282,1947.518272,1686.640684,115.4672889415491,1678.333545,,,2842.98,269.06,Surplus
बगास/Bagasse,,,105.31800000000001,118.579,88.8167382082831,RE_Monthly_Generation_report_Sept_2025,9369.8799005,11179.50804017,1997.2448279999999,1669.9045099999998,119.60233750132217,1891.926828,,,9606.89,-237.01,Deficit
लघु जल विद्युत्/Small Hydro ,5133.610000000001,4296.173,1494.290376,1612.8323585,92.6500741459423,RE_Monthly_Generation_report_Sept_2025,9016.81973476,10591.78633738,7377.8836411,6640.593272,111.10277860577273,5883.5932651,,,8549.0,467.82,Surplus
बृहत् जल विद्युत्/Large Hydro($),50108.16,50108.16,22317.41,20574.25,108.47253241308918,RE_Monthly_Generation_report_Sept_2025,127038.22,154325.21999999997,107165.5,94671.56,113.19714178154454,84848.09,,,117888.64,9149.58,Surplus
अन्य/Others,854.4499999999999,938.835,239.8893,233.25939000000002,102.84229072192976,RE_Monthly_Generation_report_Sept_2025,2495.1251975000005,2299.7696202,1460.19215,1443.8191103,101.1340090724106,1220.30285,,,2260.87,234.26,Surplus
कुल/Total Including Large Hydro,247309.62000000002,213489.747,48381.84724562,42970.3008394,112.59368982880866,RE_Monthly_Generation_report_Sept_2025,333588.6410580741,340712.6785797909,274028.52920024,229930.0013997,119.17910996046186,225646.68195462,,,329797.05,3791.59,Surplus
कुल/Total Excluding Large Hydro,197201.46000000002,163381.587,26064.43724562,22396.0508394,116.37961278318957,RE_Monthly_Generation_report_Sept_2025,206550.421058074,186387.458579791,166863.02920023995,135258.4413997,123.36607421576429,140798.59195462,,,206888.06,-337.64,Deficit
,,,,,,RE_Monthly_Generation_report_Sept_2025,,,,,,274028.52920024,,,,,Deficit
 (*) Solar Installed capacity including 3.5 GW rooftop solar.,,,,,,RE_Monthly_Generation_report_Sept_2025,,,,,,,,,,,Deficit
"($) Large Hydro Generation data excluding  import from Bhutan.However,the import from Bhutan during September 2025  is 1406.82 MUs and April 2025 to September 2025 is 6302.16 MUs.",,,,,,RE_Monthly_Generation_report_Sept_2025,,,,,,,,,,,Deficit
